Role,Calls,Call_Verification,Account_Files,Case_Info,Funeral,Cemetery,Admin,Service_Scheduling,Cremation_Scheduling,Funeral_Non_Cremation_Scheduling,Maintenance,Heritage_Foundation,Other_Schedules,Purchase_Order,Memorials,After_Care,Add_Items_To_Catlogues,Finance_Option_Cemetery,Finance_Option_Funeral,Special_Order_Quote,HMIS_Integration,Access_Management,Approval_Requests,Funeral_WorkOrders,Cemetery_WorkOrders,Partner_Management,Cash_Advance_Check_Requests,Cash_Advance_Check_Dashboard
Super_Admin,R/W/D,R/W/D,R/W/D,R/W/D,R/W/D,R/W/D,R/W/D,R/W/D,R/W/D,R/W/D,R/W/D,R/W/D,R/W/D,R/W/D,R/W/D,R/W/D,R/W/D,R/W/D,R/W/D,R/W/D,R/W/D,R/W/D,N,R/W/D,R/W/D,R/W/D,R/W/D,R/W
Accounting,R/W,R,R/W,R/W,R/W,R/W,R/W,R,R,R,R,R,R,R,R,R,R,R,R,R,R/W/D,N,N,R,R,N,R,R/W
Service_Account_Manager,R/W,R,R/W,R/W,R/W,R/W,R/W,R,R,R,R,R,R,R,R,R,R,R,R,R,R/W/D,N,N,R,R,N,R,R/W
Funeral_Home_Manager,R/W,R/W,R/W,R/W,R/W,R,R,R/W,R/W,R/W,R,R,R,R/W,R,R,R,R,R,R,R,N,R/W/D,R/W,R/W,N,R/W,N
Funeral_Home_Staff,R/W,R/W,R/W,R/W,R/W,R,R,R/W,R/W,R/W,R,R,R,R/W,R,R,R,R,R,R,R,N,N,R,R/W,N,R/W,N
VP_Of_Funeral_Home,R/W,R/W,R/W,R/W,R/W,R,R,R/W,R/W,R/W,R,R,R,R/W,R,R/W,R,R,R,R,R,N,R/W/D,R/W,R/W,N,R/W,N
Arrangers,R/W,R/W,R/W,R/W,R/W,R/W,R,R/W,R/W,R/W,R,R,R,R/W,R/W/D,R/W,R,R,R,R,R,N,N,R,R/W,N,R/W,N
Sales_Managers,R/W,R/W,R/W,R/W,R/W,R/W,R,R/W,R,R,R/W,R/W,R,R,R/W/D,R/W,R,R,R,R,R,N,R/W/D,R,R/W,N,R/W,N
Sales_Admin,R/W,R/W,R/W,R/W,R/W,R/W,R,R/W,R,R,R/W,R/W,R,R,R/W/D,R/W,R,R,R,R,R,N,N,R,R/W,N,R/W,N
Sales,R/W,R/W,R/W,R/W,R/W,R/W,R,R/W,R,R,R/W,R/W,R,R,R/W/D,R/W,R,R,R,R,R,N,N,R,R,N,R/W,N
VP_Of_Sales,R/W,R/W,R/W,R/W,R/W,R/W,R,R/W,R,R,R/W,R/W,R,R,R/W/D,R/W,R,R,R,R,R,N,R/W/D,R,R/W,N,R/W,N
Foreman,R/W,R,R,R/W,R,R,R,R/W,R,R,R/W,R,R,R,R,R,R,R,R,R,R,N,N,R,R/W,N,R,N
Maintenance_Staff,R/W,R,R,R,R,R,R,R,R,R,R/W,R,R,R,R,R,R,R,R,R,R,N,N,R,R,N,R,N
Crematory_Operator,R/W,R,R,R/W,R,R,R,R/W,R/W,R,R/W,R,R,R,R,R,R,R,R,R,R,N,N,R/W,R/W,N,R,N
Maintenance_Admin,R/W,R,R,R/W,R,R,R,R/W,R/W,R,R/W,R,R,R,R,R,R,R,R,R,R,N,N,R,R/W,N,R,N
CEO,R/W/D,R/W/D,R/W/D,R/W/D,R/W/D,R/W/D,R/W/D,R/W/D,R/W/D,R/W/D,R/W/D,R/W/D,R/W/D,R/W/D,R/W/D,R/W/D,R/W/D,R/W/D,R/W/D,R/W/D,R/W/D,N,R/W/D,R/W/D,R/W/D,R/W/D,R/W/D,R/W
Receptionist,R/W,R,R,R,R/W,R/W,R,R,R,R,R/W,R/W,R,R,R,R,R,R,R,R,R,N,N,R,R,N,R,N
Heritage_Foundation,R/W,R,R,R,R,R,R,R,R,R,R/W,R/W,R,R,R,R,R,R,R,R,R,N,N,R,R,N,R,N
Purchaser,R/W,R,R,R,R,R,R,R,R,R,R,R,R,R/W,R,R,R,R,R,R/W/D,R,N,N,R,R,N,R,N
After_Care,R/W,R/W,R/W,R/W,R/W,R/W,R,R/W,R,R,R,R,R,R,R/W/D,R/W,R,R,R,R,R,N,N,R,R,N,R/W,N
Superintendent,R,R,R,R/W,R,R,R,R/W,R/W,R,R/W,R,R,R,R,R,R,R,R,R,R,N,N,R,R/W,N,R,N
Executive_Admin,R,R,R,R,R,R,R,R,R,R,R,R,R/W/D,R,R,R,R,R,R,R,R,N,N,R,R,N,R,N
Funeral_Home_Admin,R/W,R/W,R/W,R/W,R/W,R,R,R/W,R,R/W,R,R,R,R,R,R,R,R,R,R,R,N,N,R,R,N,R/W,N
CFO,R/W/D,R/W/D,R/W/D,R/W/D,R/W/D,R/W/D,R/W/D,R/W/D,R/W/D,R/W/D,R/W/D,R/W/D,R/W/D,R/W/D,R/W/D,R/W/D,R/W/D,R/W/D,R/W/D,R/W/D,R/W/D,N,R/W/D,R/W/D,R/W/D,R/W/D,R/W/D,R/W
Support,R/W,R/W,R/W,R/W,R/W,R/W,R,R/W,R/W,R/W,R/W,R/W,R/W,R/W,R/W/D,R/W,R/W,R/W,R/W,R/W,R/W,N,N,R/W,R/W,N,R/W,N 
